id;rs10099100;rs1353545;rs6803008;rs2828478;rs9879311;rs61847307;rs7122181;rs880446;rs7521492;rs4904167;sex;conception;no_pregnancy;pregn_complicated;pregn_diseases;twin_pregnancy;gest_diabetes;drug_supp_pregn;gest_hypertension;UTI;torch;inf_upper airway;hypothyroidism;other_infections;other_pregn_disorder;no_birth;delivery;perinatal_complications;abnormal_ctg;miscarriages;1_miscarriage;more_miscarriages;pregn_drugs;methyldopa;dydrogesterone;drugs_other;harmful_fact_mother;stress_mother;other_harm_mother;harmful_fact_father;stress_father;other_harm_father;smoking_mother;smoking_father;hbd_grav;birth_mass;birth_length;birth_head_circum;apgar ;postnatal_compl;prolonged_jaundice;hypotonia;hypoxia;feeding_difficulties;other_problems;postnat_dysmorphia;inborn_defects;motor_dev_abnl;antibiotics;food_intolerance;ear_dysmorphism;head_face_dysmorphism;eye_dysmorphism;nose_dysmorphism;lip_dysmorphism;chest_dysmorphism;scoliosis;gynecomastia;mouth_abnormalities;malocclusion;age_mother;age_father;family_autism;sister;brother;father;cousins;learning_difficulties_fam;social_difficulties_fam;miscarriages_family;gen_syndromes_family;ads;diagnosis_age;stereotypic_movements;adhd;therapies;speech;delusions;therapeutic_preschool;presch_school_type;social_interact_diff;learning_difficulties
A1;4;8;6;2;6;6;1;7;2;5;2;1;2;0;0;0;0;0;0;0;0;0;0;0;0;2;2;1;0;0;0;0;0;0;0;0;0;0;0;0;0;0;0;0;40;3000;56;33;9;1;1;1;0;0;1;1;0;0;0;0;1;0;1;1;0;0;0;0;1;0;35;52;0;0;0;0;0;0;0;1;0;1;26;1;1;1;1;0;1;3;1;1
A100;4;8;6;9;6;6;3;7;2;4;2;2;1;1;1;0;0;0;0;0;1;0;0;1;0;1;2;1;0;1;1;0;1;0;1;0;0;0;0;0;0;0;0;0;40;3450;57;35;10;0;0;0;0;0;0;0;0;0;0;1;1;1;0;0;1;0;0;0;0;0;28;32;1;0;0;0;1;0;0;1;0;1;35;1;1;1;0;0;1;4;0;1
A104;8;8;6;2;6;6;3;1;2;6;2;1;1;1;0;0;1;0;0;0;0;0;0;0;0;1;2;1;0;1;1;0;0;0;0;0;0;0;0;0;0;0;0;0;42;3710;58;35;10;0;0;0;0;0;0;1;0;0;1;1;1;1;0;0;0;0;0;0;0;0;31;31;1;0;0;0;1;0;0;0;0;1;30;0;0;1;1;0;1;1;1;0
A108;8;9;6;9;4;6;1;9;1;4;2;1;1;1;1;0;0;1;0;0;0;1;0;0;0;1;2;1;0;0;0;0;1;0;0;1;0;0;0;0;0;0;0;0;38;2950;51;32;10;1;0;0;0;1;1;0;1;0;0;1;1;0;0;0;1;0;0;0;1;0;35;33;1;0;0;1;1;0;1;1;0;1;24;0;1;1;1;0;1;2;0;1
A11;4;9;6;2;6;4;3;7;2;6;2;1;1;0;0;0;0;0;0;0;0;0;0;0;0;1;1;1;0;0;0;0;0;0;0;0;0;0;1;0;0;1;0;1;39;3370;52;34;9;0;0;0;0;0;0;0;0;0;0;0;1;0;0;0;0;0;0;0;0;0;26;26;1;0;0;0;1;0;1;1;0;1;48;0;0;1;0;0;1;5;0;1
A110;4;9;4;2;6;6;3;1;9;6;2;1;1;1;1;0;0;0;0;1;0;0;0;0;0;1;2;1;0;0;0;0;1;0;0;1;0;0;0;0;0;0;0;1;42;3970;57;36;9;1;0;0;0;0;1;0;0;0;0;0;1;1;0;1;1;0;0;0;0;0;33;33;1;0;0;0;1;0;1;1;0;1;36;1;1;1;1;0;1;2;0;0
A112;8;8;5;2;6;6;1;7;2;4;1;1;2;0;1;0;0;0;0;0;0;1;0;0;0;2;1;0;0;0;0;0;0;0;0;0;0;0;0;0;0;0;0;1;40;4230;56;36;10;0;0;0;0;0;1;0;1;0;0;0;1;1;1;1;1;0;0;0;0;0;25;36;0;0;0;0;0;1;1;0;0;1;60;0;1;1;1;0;1;1;1;0
A115;8;9;5;9;6;4;3;9;2;4;2;1;2;0;0;0;0;0;0;0;0;0;0;0;0;2;2;1;0;0;0;0;1;0;0;1;0;0;0;0;0;0;0;0;39;3810;55;36;10;0;0;0;0;0;0;0;0;0;0;0;1;0;1;0;0;0;0;0;0;0;33;44;1;0;0;0;1;1;1;1;0;1;36;1;0;1;1;1;0;2;0;1
A118;4;8;4;2;6;6;3;9;2;5;2;1;1;1;1;0;0;0;0;0;1;0;0;1;0;1;1;0;0;0;0;0;1;0;0;1;0;0;0;0;0;0;0;0;41;3700;58;36;10;1;0;0;0;1;0;0;0;0;1;1;1;0;0;1;1;0;0;0;0;0;28;29;1;0;0;0;1;0;0;1;0;1;36;1;1;1;1;0;1;5;0;1
A127;4;8;6;2;6;6;5;7;9;6;2;1;1;0;0;0;0;0;0;0;0;0;0;0;0;1;2;1;0;0;0;0;1;0;0;1;0;0;0;1;0;1;0;0;41;3650;60;36;10;0;0;0;0;0;0;0;0;0;0;0;0;1;0;0;1;0;0;0;0;0;41;47;0;0;0;0;0;0;0;0;0;1;36;1;1;1;1;0;1;2;0;1
A13;8;8;6;2;5;6;5;7;2;5;2;1;1;1;1;0;0;1;0;1;0;0;0;0;0;1;1;0;0;0;0;0;1;0;1;1;0;0;0;0;0;0;1;1;40;3885;56;37;10;1;0;1;0;0;0;0;0;1;1;0;1;1;1;1;0;0;0;0;0;0;30;32;1;0;0;0;1;0;1;0;0;1;30;0;0;1;1;0;1;2;1;0
A132;9;4;4;9;6;5;3;9;9;4;2;1;3;1;1;0;0;0;1;0;0;1;0;0;0;2;2;1;1;1;1;0;1;0;1;0;0;0;0;1;0;1;0;1;42;3500;58;33;10;1;1;1;1;0;0;0;0;1;1;1;1;0;1;1;1;0;0;0;0;0;35;37;0;0;0;0;0;0;1;0;0;1;42;1;0;1;1;0;1;2;1;0
A134;9;9;4;2;4;6;1;9;2;6;1;1;1;0;0;0;0;0;0;0;0;0;0;0;0;1;2;1;0;0;0;0;0;0;0;0;0;0;0;0;0;0;0;1;39;3000;54;33;10;1;0;0;1;0;0;0;0;0;0;0;1;1;0;0;0;0;0;0;0;0;30;33;0;0;0;0;0;0;1;1;0;1;30;0;1;1;1;0;1;2;1;0
A136;8;8;6;2;6;4;5;1;2;5;2;1;4;1;1;0;0;1;0;0;0;0;1;0;0;1;2;1;0;1;0;1;1;0;0;1;0;0;0;0;0;0;0;1;40;4300;58;36;10;1;0;0;0;0;1;0;1;0;1;0;1;1;0;0;1;0;0;0;0;0;33;39;1;0;0;0;1;1;1;1;0;1;72;0;1;1;1;0;1;6;1;0
A140;8;9;6;9;5;5;1;7;9;5;2;1;2;1;1;0;1;0;0;0;0;0;0;0;0;2;2;1;0;0;0;0;1;0;0;1;0;0;0;1;0;1;0;0;38;3550;57;36;10;1;0;0;0;0;1;1;0;0;1;1;1;1;1;0;0;0;0;0;0;0;31;32;1;0;0;0;1;0;1;1;0;1;24;1;1;1;1;0;1;1;1;0
A142;8;8;6;9;5;4;3;7;9;6;2;1;1;1;1;0;0;1;0;0;0;0;0;1;0;1;2;1;0;0;0;0;1;0;1;0;0;0;0;1;0;1;0;0;39;3690;57;35;10;0;0;0;0;0;0;0;0;1;1;1;1;0;0;0;1;0;0;0;0;0;29;30;1;0;0;0;1;0;1;1;0;1;24;0;1;1;1;0;1;1;0;0
A145;4;8;4;1;4;4;5;7;9;6;2;1;1;0;1;0;0;0;0;1;0;1;0;0;0;1;1;0;0;1;1;0;1;0;0;1;0;0;0;0;0;0;0;0;40;3580;57;34;10;0;0;0;0;0;0;0;0;1;0;0;1;1;1;0;1;0;0;0;0;0;30;39;1;0;0;0;1;0;0;1;0;1;48;1;1;1;0;0;1;1;0;0
A15;8;9;6;2;6;4;3;1;2;4;2;1;2;1;0;0;0;0;0;0;0;0;0;0;0;2;2;1;0;1;1;0;1;0;0;1;0;0;0;0;0;0;0;0;40;3750;57;35;10;1;0;0;0;0;1;0;0;0;1;1;1;1;0;1;1;1;0;1;0;0;22;27;1;0;0;0;1;0;0;1;0;1;36;0;0;1;1;0;1;3;1;0
A153;4;9;5;9;4;4;3;7;2;6;1;1;3;1;1;0;1;0;0;0;0;1;0;0;0;1;2;1;0;1;1;0;0;0;0;0;0;0;0;1;0;1;0;0;38;2660;53;33;10;1;0;1;0;1;1;1;0;1;0;1;0;1;1;0;0;1;1;0;0;0;34;38;1;0;0;0;1;1;1;1;0;1;36;1;1;1;1;1;1;3;1;0
A160;4;8;4;9;6;4;1;7;2;4;2;1;2;1;1;0;0;0;0;1;0;0;0;0;0;1;2;1;0;1;1;0;0;0;0;0;0;0;0;0;0;0;1;0;40;4400;59;39;9;1;0;0;1;1;1;1;1;0;1;1;1;1;0;0;0;0;0;0;0;0;23;27;1;0;0;0;1;0;1;1;0;1;36;1;0;1;1;1;1;1;1;1
A161;4;9;5;9;4;4;5;1;9;4;2;1;1;1;1;0;0;1;0;0;0;0;0;0;1;1;1;0;0;0;0;0;1;0;0;1;0;0;0;0;0;0;0;0;42;4150;56;36;10;1;1;0;0;0;1;0;1;0;0;0;0;0;1;0;0;0;0;0;0;0;27;38;1;0;0;0;1;1;1;1;0;1;72;1;1;1;1;0;1;3;1;0
A162;4;9;6;9;6;4;1;7;2;4;2;1;2;1;1;0;0;0;0;0;0;0;0;0;1;2;1;0;0;0;0;0;1;0;0;1;0;0;0;0;0;0;0;1;40;3230;54;34;10;0;0;0;0;0;0;0;0;0;0;1;1;1;1;1;1;0;0;0;0;0;32;34;0;0;0;0;0;0;0;1;0;1;30;1;0;1;1;0;1;2;0;1
A163;8;8;4;9;6;4;1;1;2;4;2;1;3;1;0;0;0;0;0;0;0;0;0;0;0;2;1;0;0;1;1;0;1;0;0;1;0;0;0;0;0;0;0;1;40;4540;60;37;9;1;0;0;0;0;0;0;0;1;0;1;1;0;1;0;1;0;0;0;0;0;37;37;1;0;0;0;1;0;0;0;0;1;36;1;1;1;0;0;1;2;0;0
A165;9;8;4;9;6;6;1;9;2;6;2;1;3;1;1;0;0;0;0;0;0;0;0;1;0;2;2;1;0;1;1;0;1;0;0;1;0;0;0;0;0;0;0;0;38;4070;59;37;10;1;0;1;0;0;1;1;1;0;1;1;1;1;1;0;1;0;0;0;0;0;25;29;1;0;0;0;1;0;1;1;0;1;30;0;1;1;0;0;1;1;0;1
A166;4;8;4;9;6;4;1;1;1;5;2;1;2;0;1;0;0;0;0;0;0;1;0;0;0;2;2;1;0;0;0;0;1;0;0;1;0;0;0;0;0;0;0;0;38;4250;61;37;10;0;0;0;0;0;0;0;0;0;0;0;1;1;1;0;0;1;0;1;0;0;33;35;0;0;0;0;0;0;0;1;0;1;48;1;1;1;1;0;1;7;0;1
A172;8;8;4;2;4;6;5;7;9;5;1;1;3;0;0;0;0;0;0;0;0;0;0;0;0;2;2;1;0;1;1;0;0;0;0;0;0;0;0;0;0;0;0;0;39;1820;52;33;9;1;0;0;0;0;1;0;0;0;0;0;1;1;1;0;1;0;0;0;0;0;34;36;0;0;0;0;0;0;1;1;0;1;24;0;0;1;1;0;1;6;1;0
A175;9;4;6;2;5;6;3;7;2;6;1;1;6;1;0;0;0;1;0;0;0;0;0;0;0;3;1;0;0;1;0;1;0;0;0;0;0;0;0;0;0;0;0;0;38;3400;53;33;10;1;0;0;0;0;1;1;0;0;0;1;1;0;0;0;0;0;0;0;0;0;36;33;1;0;0;1;1;1;1;1;0;1;24;0;1;1;1;0;1;5;0;0
A176;8;4;6;2;6;6;5;1;9;6;2;1;5;1;1;0;0;1;0;0;0;0;0;1;0;2;1;0;0;1;0;1;1;0;1;1;0;0;0;0;0;0;0;0;34;2800;51;32;9;1;1;1;1;0;1;0;1;0;1;1;1;1;1;0;0;0;0;0;0;0;34;31;1;0;0;1;1;1;1;1;0;1;24;1;1;1;1;0;1;5;0;1
A18;4;9;5;9;4;6;5;9;9;5;2;1;1;0;0;0;0;0;0;0;0;0;0;0;0;1;1;0;0;0;0;0;0;0;0;0;0;0;0;0;0;0;0;0;40;3650;52;33;10;1;1;0;0;0;0;0;0;0;0;1;1;1;1;1;1;1;0;1;0;0;23;23;1;0;0;0;1;1;1;0;0;1;48;0;0;1;1;0;1;3;1;0
A183;4;9;6;2;5;6;1;7;2;6;2;1;2;0;0;0;0;0;0;0;0;0;0;0;0;2;2;0;0;0;0;0;1;0;0;1;0;0;0;1;0;1;0;0;40;3850;58;37;10;1;0;0;0;0;1;0;0;0;0;1;1;0;0;0;1;0;0;0;1;1;33;36;0;0;0;0;0;1;0;1;0;1;26;1;1;1;0;0;1;4;1;1
A184;4;8;5;2;4;6;3;7;9;6;2;1;1;0;0;0;0;0;0;0;0;0;0;0;0;1;1;0;0;0;0;0;0;0;0;0;0;0;0;0;0;0;0;0;40;3450;54;35;10;0;0;0;0;0;0;0;0;0;0;1;0;0;0;0;0;0;0;0;0;0;21;21;0;0;0;0;0;1;0;1;0;1;42;1;0;1;0;0;1;4;1;1
A185;8;4;5;2;4;6;1;1;2;6;2;1;2;1;1;0;0;1;0;0;0;0;0;1;0;2;2;1;0;0;0;0;1;0;0;1;0;0;0;0;0;0;0;0;40;3890;60;36;10;0;0;0;0;0;0;0;0;0;0;0;1;1;0;0;0;0;0;0;0;0;36;39;0;0;0;0;0;0;0;1;0;1;36;1;1;1;0;0;1;4;1;0
A186;4;8;4;9;6;5;1;9;2;6;1;1;1;1;0;0;0;0;0;0;0;0;0;0;0;1;1;0;0;0;0;0;1;0;0;1;1;0;1;1;0;1;1;1;37;2735;52;32;10;0;0;0;0;0;0;0;0;0;1;1;1;1;1;1;0;0;0;0;0;0;24;28;0;0;0;0;0;0;1;0;0;1;21;1;0;1;0;0;1;2;0;1
A191;8;9;4;2;5;6;3;7;9;6;1;1;1;0;0;0;0;0;0;0;0;0;0;0;0;1;1;1;0;0;0;0;1;0;0;11;0;0;0;1;0;1;0;1;40;4450;58;37;7;1;1;1;0;0;0;1;0;0;1;1;0;1;0;0;0;0;0;0;0;0;31;33;0;0;0;0;0;0;1;0;0;1;24;1;0;1;0;1;1;2;0;0
A194;8;8;4;2;5;6;3;7;9;6;2;1;2;0;0;0;0;0;0;0;0;0;0;0;0;2;2;1;0;0;0;0;0;0;0;0;0;0;0;0;0;0;0;0;41;4310;62;38;10;1;1;0;0;0;0;1;0;0;1;0;1;1;1;0;1;1;0;0;0;0;38;37;1;0;0;0;1;0;0;1;0;1;24;0;0;1;1;0;1;1;0;1
A195;8;8;4;2;5;4;1;1;1;5;2;1;2;1;1;0;0;1;1;1;0;0;0;0;0;1;2;1;0;1;1;0;1;1;0;0;0;0;0;0;0;0;0;1;40;3570;56;35;10;0;0;0;0;0;0;1;0;0;0;0;1;1;1;0;0;0;0;0;0;0;33;33;0;0;0;0;0;1;1;1;0;1;24;1;1;1;1;1;0;7;1;1
A198;4;8;6;2;5;4;3;9;9;5;2;1;1;1;1;0;1;0;0;0;0;0;0;0;0;1;2;1;0;0;0;0;0;0;0;0;0;0;0;0;0;0;0;1;39;2900;52;34;10;0;0;0;0;0;0;1;0;0;0;1;1;0;1;0;1;0;0;0;0;0;38;38;1;0;0;1;0;0;1;1;0;1;60;1;1;1;1;1;1;2;0;0
A20;4;8;6;9;6;5;3;7;1;4;2;1;3;0;0;0;0;0;0;0;0;0;0;0;0;3;1;0;0;0;0;0;0;0;0;0;0;0;0;0;0;0;0;0;40;2900;52;33;10;0;0;0;0;0;0;0;0;0;0;0;0;1;0;0;1;1;0;1;0;0;42;40;0;0;0;0;0;0;0;0;0;1;48;0;1;1;1;0;1;3;1;0
A203;8;8;5;9;6;6;1;9;9;6;1;1;2;1;0;0;1;0;0;0;0;0;0;0;0;2;2;1;0;0;0;0;0;0;0;0;0;0;0;1;0;1;0;0;35;3400;53;34;10;1;1;0;0;0;1;0;1;0;1;0;1;0;1;0;1;0;0;0;0;0;43;44;0;0;0;0;0;0;0;0;0;1;60;1;1;1;1;0;1;5;1;0
A213;8;8;4;2;5;6;1;7;2;6;2;1;1;1;1;0;0;0;0;0;0;0;0;0;0;1;2;1;0;0;0;0;1;0;0;1;1;0;1;0;0;0;0;0;41;3600;57;35;10;1;1;1;0;0;1;1;1;0;0;1;1;0;1;1;1;0;0;0;1;0;26;26;1;0;0;0;1;1;0;0;0;1;48;0;1;1;1;0;1;7;0;1
A217;8;8;4;2;5;4;3;7;2;6;2;1;1;0;0;0;0;0;0;0;0;0;0;0;0;1;2;1;0;0;0;0;0;0;0;0;0;0;0;0;0;0;0;0;41;3670;52;35;9;1;1;1;0;1;1;0;0;0;1;1;1;1;1;0;1;0;0;0;0;0;27;39;1;0;0;0;1;1;1;0;0;1;42;0;0;1;1;0;1;1;1;0
A22;8;9;6;9;4;6;3;9;2;4;2;1;4;0;0;0;0;0;0;0;0;0;0;0;0;4;1;0;0;0;0;0;0;0;0;0;0;0;0;0;0;0;0;0;40;3750;56;34;10;1;0;0;1;0;0;0;0;0;0;0;0;1;0;1;1;0;0;0;0;0;34;35;1;0;0;0;1;0;0;1;0;1;48;1;1;1;1;0;1;5;1;1
A223;9;8;6;2;4;6;3;7;2;6;2;1;3;0;0;0;0;0;0;0;0;0;0;0;0;2;1;0;0;1;1;0;0;0;0;0;0;0;0;0;0;0;0;0;40;4750;60;38;10;1;0;0;0;1;0;0;0;0;1;1;1;0;1;0;0;0;0;0;0;0;30;30;1;0;0;0;1;0;0;1;0;1;30;0;0;1;1;0;1;1;1;0
A227;4;4;4;2;6;6;3;9;2;6;2;1;2;1;1;0;1;0;0;0;1;0;0;0;0;2;2;1;0;0;0;0;1;0;0;1;0;0;0;0;0;0;0;0;39;3500;56;35;10;0;0;0;0;0;0;0;0;0;1;1;0;0;0;0;0;0;0;0;0;0;26;32;0;0;0;0;0;1;0;1;0;1;24;0;0;1;1;0;1;2;0;0
A228;8;9;6;2;6;6;3;7;2;6;2;1;2;1;0;1;0;0;0;0;0;0;0;0;0;2;2;1;0;0;0;0;0;0;0;0;0;0;0;1;0;1;0;1;37;2320;48;30;9;1;1;0;0;1;0;1;0;0;1;0;1;1;0;0;1;0;0;0;0;0;26;36;1;0;0;0;1;0;1;0;1;1;60;0;0;1;1;0;1;1;1;0
A229;8;8;6;9;6;4;1;7;1;5;2;1;1;1;1;0;0;0;0;0;0;1;0;0;0;1;1;0;0;0;0;0;0;0;0;0;0;0;0;1;0;1;0;1;39;2920;52;33;8;0;0;0;0;0;0;1;0;0;0;1;1;1;0;0;1;0;0;0;1;0;30;29;0;0;0;0;0;1;0;1;0;1;48;1;0;0;1;0;1;7;0;1
A237;4;9;4;1;6;6;1;7;2;6;2;1;1;1;1;0;0;0;0;0;0;0;0;0;1;1;1;0;0;0;0;0;1;0;0;1;0;0;0;0;0;0;0;1;40;3280;54;35;10;1;1;0;0;0;0;0;0;0;0;1;1;1;0;1;1;0;0;0;0;0;32;32;0;0;0;0;0;1;0;1;0;1;36;0;0;1;1;0;1;1;1;0
A239;9;8;6;9;6;6;3;9;9;6;1;1;3;1;0;0;0;0;0;0;0;0;0;0;0;3;2;1;0;1;1;0;1;0;1;1;0;0;0;0;0;1;1;1;36;2500;51;31;10;1;1;0;0;0;0;0;0;1;0;1;1;1;0;0;1;0;0;0;0;0;27;31;1;0;0;0;1;1;1;1;0;1;36;1;1;1;0;1;1;2;0;0
A240;8;4;6;9;4;4;1;1;2;5;2;1;1;1;1;0;0;0;1;0;0;0;1;0;0;1;2;1;0;1;0;1;1;1;0;1;0;0;0;0;0;0;0;0;36;2800;53;33;9;1;1;0;1;0;1;0;0;0;1;0;1;1;0;1;0;0;0;0;0;0;25;30;0;0;0;0;0;1;0;1;0;1;48;1;1;1;1;0;1;3;0;1
A241;4;9;6;2;6;4;3;7;1;4;2;1;3;0;0;0;0;0;0;0;0;0;0;0;0;2;2;1;0;1;0;1;0;0;0;0;1;1;0;0;0;0;0;1;39;3300;56;34;10;1;1;1;0;0;0;0;0;0;1;1;0;0;1;0;0;0;0;0;1;0;39;45;1;0;0;0;1;1;0;0;0;1;60;1;1;1;1;1;1;1;1;1
A243;8;9;5;2;5;6;1;7;9;6;2;1;3;1;1;0;0;0;0;0;0;1;0;0;0;3;1;0;0;0;0;0;1;0;0;1;0;0;0;0;0;0;0;0;40;3880;57;37;10;1;0;0;0;1;1;0;0;0;0;1;1;0;1;0;1;0;0;0;0;0;38;44;1;0;0;0;1;1;0;0;0;1;42;0;0;1;1;0;1;1;1;1
A244;4;8;5;9;4;4;3;7;9;6;2;1;1;1;1;0;0;1;0;1;0;0;0;0;0;1;2;1;0;0;0;0;1;0;0;1;0;0;0;0;0;0;1;0;41;4300;62;37;10;1;1;1;0;0;0;0;0;0;0;0;1;1;1;0;1;1;0;0;0;0;28;31;1;0;0;0;1;0;0;1;0;1;24;0;0;1;1;0;0;2;1;1
A245;9;8;6;9;6;6;3;7;2;4;1;1;3;1;0;0;0;1;0;0;0;0;0;0;0;3;2;0;0;0;0;0;1;0;1;0;0;0;0;0;0;0;1;1;41;2900;56;33;10;1;0;1;0;0;0;0;0;1;1;0;1;1;1;0;0;0;0;0;0;0;34;34;1;0;0;0;0;1;1;0;0;1;36;0;1;1;0;0;1;6;0;1
A246;8;8;6;9;6;4;5;7;2;4;2;1;5;1;1;0;0;0;0;1;0;0;0;0;0;4;1;0;0;0;1;0;1;0;1;1;0;0;0;0;0;0;0;0;38;2250;47;31;10;0;0;0;0;0;0;1;1;0;0;0;1;1;1;1;1;0;0;0;0;0;36;26;1;0;0;1;1;1;1;0;0;1;36;1;0;1;0;0;0;3;0;0
A25;9;8;5;1;6;6;3;9;2;4;2;1;2;0;0;0;0;0;0;0;0;0;0;0;0;2;1;0;0;0;0;0;1;0;0;1;0;0;0;0;0;0;1;1;40;4670;62;37;9;1;1;1;1;0;1;1;0;0;0;0;1;1;1;0;1;0;0;0;0;0;32;38;0;0;0;0;0;1;0;1;0;1;48;0;1;1;0;1;1;4;1;0
A250;8;8;6;9;6;4;5;7;2;6;2;1;4;1;0;0;0;1;0;0;0;0;0;0;0;3;1;1;0;1;1;0;1;0;1;0;0;0;0;0;0;0;0;0;37;2920;51;32;10;1;1;1;0;1;0;1;0;0;0;1;1;1;1;0;0;0;0;0;0;0;34;24;0;0;0;0;0;0;0;0;0;1;54;0;1;1;1;1;1;2;1;1
A255;8;8;4;2;6;4;5;9;2;6;2;1;1;0;1;0;0;0;0;1;0;0;0;0;0;1;2;1;0;0;0;0;1;0;0;1;0;0;0;0;0;0;0;0;40;4560;62;37;10;1;1;0;0;0;0;1;1;0;0;0;1;0;1;0;1;0;0;0;0;0;30;50;0;0;0;0;0;0;0;0;0;1;36;0;1;1;1;0;1;2;1;0
A257;9;4;6;9;6;6;5;9;9;5;2;1;3;1;1;0;1;0;0;0;0;0;1;0;0;1;2;1;0;1;1;0;1;0;0;1;0;0;0;0;0;0;0;1;33;1890;47;29;7;1;1;0;1;0;1;0;1;0;1;0;1;1;0;0;1;0;0;0;0;0;28;29;0;0;0;0;0;1;1;0;0;1;36;1;1;1;1;0;1;2;1;0
A259;4;9;6;2;5;6;3;9;9;5;2;1;1;1;1;0;0;0;0;0;0;0;1;0;0;1;2;1;0;0;0;0;1;0;1;1;0;0;0;0;0;0;0;0;36;3250;51;33;9;1;0;0;0;1;1;0;1;0;0;0;1;1;1;1;1;0;0;0;0;0;24;29;1;0;0;0;1;1;1;1;1;1;24;1;1;1;0;1;0;1;0;0
A26;4;8;4;2;6;4;3;9;9;4;2;2;3;1;1;1;0;0;1;0;0;0;0;0;0;2;2;0;0;1;0;0;1;1;0;0;1;1;0;0;0;0;0;0;31;1470;39;29;9;0;0;0;0;0;0;0;0;1;1;0;1;1;1;0;1;0;0;0;0;0;35;38;1;0;1;0;0;0;1;1;0;1;13;0;1;1;1;0;1;1;1;0
A261;9;8;6;2;6;4;3;9;1;6;2;1;2;1;0;0;0;0;0;0;0;0;0;0;0;2;2;1;0;0;0;0;0;0;0;0;0;0;0;0;0;0;0;1;39;3780;58;36;10;0;0;0;0;0;0;0;0;0;0;0;1;1;1;0;1;0;0;0;0;0;25;26;0;0;0;0;0;0;0;1;0;1;36;0;0;1;0;0;1;1;1;1
A267;8;8;4;2;6;4;3;7;2;5;2;1;1;0;0;0;0;0;0;0;0;0;0;0;0;1;2;1;0;0;0;0;0;0;0;0;0;0;0;0;0;0;0;0;34;1100;40;28;8;1;1;1;0;1;1;1;1;1;0;1;1;1;1;0;1;0;0;0;0;0;38;38;1;0;0;1;0;0;1;1;0;1;36;0;1;1;1;0;1;1;0;1
A268;4;9;6;9;6;6;5;7;2;5;2;1;2;0;0;0;0;0;0;0;0;0;0;0;0;2;1;0;0;0;0;0;0;0;0;0;0;0;0;1;0;1;0;0;41;3550;56;36;8;1;0;0;1;0;0;0;0;0;1;0;1;1;1;1;1;0;0;0;0;0;23;27;0;0;0;0;0;1;1;0;0;1;48;1;0;1;0;0;1;5;1;1
A269;9;4;6;1;5;6;3;7;2;6;2;1;1;1;1;0;0;0;0;0;0;0;0;1;0;1;1;0;0;0;0;0;1;0;1;1;1;0;1;1;0;1;0;0;39;2720;54;32;10;1;0;0;0;1;0;0;1;0;1;1;1;1;1;0;0;0;0;0;1;0;29;31;1;0;0;0;1;1;0;1;0;1;18;1;1;1;1;0;1;6;1;0
A270;9;9;4;9;6;4;1;7;2;5;2;1;1;0;0;0;0;0;0;0;0;0;0;0;0;1;2;1;0;0;0;0;0;0;0;0;0;0;0;0;0;0;0;1;39;3600;54;35;10;1;1;0;0;0;0;0;0;0;0;0;1;0;1;0;1;0;0;0;0;0;27;26;0;0;0;0;0;0;1;0;0;1;24;0;1;1;0;0;1;2;0;1
A275;8;9;6;9;5;5;1;9;2;5;2;1;3;1;1;0;0;0;0;0;0;1;1;0;0;3;2;1;0;0;0;0;1;0;0;1;0;0;0;0;0;0;0;0;38;3300;56;34;9;0;0;0;0;0;0;0;1;0;1;0;1;1;0;0;0;0;0;0;0;0;35;35;1;0;0;1;0;0;1;1;0;1;72;1;1;1;1;0;1;1;0;1
A279;4;4;6;2;4;6;3;1;9;6;2;1;1;1;1;0;0;0;0;0;0;1;0;0;0;1;2;1;0;0;0;0;0;0;0;0;0;0;0;0;0;0;1;1;38;3350;57;34;10;1;1;0;0;0;0;0;0;0;1;1;1;0;0;0;1;1;0;1;0;0;20;22;0;0;0;0;0;0;1;0;0;1;36;0;1;1;1;0;1;4;1;0
A282;8;8;6;2;6;4;3;9;2;6;2;1;2;1;1;0;0;0;0;1;0;0;0;0;0;2;1;0;0;0;0;0;1;0;0;1;0;0;0;0;0;0;0;0;40;4500;52;35;10;0;0;0;0;0;0;0;0;0;1;1;0;1;0;0;1;0;0;0;0;0;26;31;0;0;0;0;0;0;0;1;0;1;36;0;0;1;1;0;1;6;0;1
A283;8;4;5;2;6;4;1;7;2;5;2;1;1;0;1;0;0;0;0;0;0;1;0;0;0;1;2;1;0;1;0;1;1;0;0;1;0;0;0;0;0;0;1;1;40;4100;61;37;10;0;0;0;0;0;0;0;0;0;0;0;1;1;0;0;0;0;0;0;0;0;31;29;0;0;0;0;0;1;0;0;0;1;54;0;0;1;1;0;1;5;1;1
A29;4;8;4;2;6;4;3;9;9;4;2;2;3;1;1;1;0;0;1;0;0;0;0;0;0;2;2;0;0;1;0;0;1;1;0;0;1;1;0;0;0;0;0;0;31;1450;44;28;9;0;0;0;0;0;0;0;0;1;1;0;0;1;1;0;1;0;0;0;0;0;35;37;1;0;1;0;0;0;1;1;0;1;13;1;1;1;1;0;1;1;0;0
A293;8;8;6;2;5;6;3;7;9;4;1;1;2;0;0;0;0;0;0;0;0;0;0;0;0;2;1;0;0;0;0;0;0;0;0;0;0;0;0;0;0;0;0;0;42;3290;56;33;10;1;0;0;0;0;1;0;0;0;1;0;0;1;0;0;0;0;0;0;0;0;30;30;1;0;1;0;1;1;1;1;0;1;36;0;1;1;1;0;1;1;0;0
A296;8;4;4;2;5;6;1;7;2;4;2;1;2;0;0;0;0;0;0;0;0;0;0;0;0;2;2;1;0;0;0;0;1;0;0;1;0;0;0;0;0;1;0;1;39;3560;54;34;9;1;1;1;0;1;0;1;0;0;1;1;1;0;0;0;1;0;0;0;0;0;30;33;0;0;0;0;0;0;1;0;0;1;12;1;1;1;0;0;1;2;0;1
A297;8;9;6;2;4;4;5;7;9;5;2;1;1;0;1;0;1;0;0;0;0;0;0;0;0;1;1;0;0;0;0;0;0;0;0;0;0;0;0;0;0;0;0;0;40;3460;56;34;10;1;0;0;0;0;1;0;0;0;1;0;1;0;1;1;1;0;0;0;0;0;27;30;0;0;0;0;0;0;0;1;0;1;36;0;0;1;1;0;1;2;1;1
A298;8;8;6;2;4;4;3;1;2;5;2;1;3;1;0;0;0;1;0;0;0;0;0;0;0;1;2;1;0;1;1;0;1;0;1;1;0;0;0;0;0;0;0;0;40;3450;56;37;10;1;0;0;0;1;0;0;0;0;0;1;1;1;0;0;0;0;0;0;0;0;35;36;0;0;0;0;0;0;0;0;0;0;39;0;1;1;1;0;1;6;1;0
A299;4;8;5;9;4;6;5;7;9;5;2;1;1;0;1;0;0;0;0;0;0;0;0;0;1;1;2;0;0;0;0;0;1;0;0;1;0;0;0;0;0;0;0;0;40;3730;55;36;10;0;0;0;0;0;0;0;0;1;0;1;1;1;0;0;0;1;0;0;0;0;38;42;0;0;0;0;0;0;0;0;0;1;36;0;1;1;1;0;1;5;1;0
A304;8;9;6;2;6;6;3;7;2;6;2;1;2;1;0;1;0;0;0;0;0;0;0;0;0;2;2;1;0;0;0;0;0;0;0;0;0;0;0;1;0;1;0;1;37;2640;48;31;10;1;1;0;0;1;0;0;0;0;1;0;1;1;0;0;0;0;0;0;0;0;26;36;1;0;0;0;1;0;1;0;1;1;60;0;0;1;1;0;1;1;1;0
A308;8;9;6;1;5;4;5;9;2;6;2;1;1;0;0;0;1;0;0;0;0;0;0;0;0;1;2;1;0;1;1;0;0;0;0;0;0;0;0;0;0;0;0;1;40;3480;61;34;10;1;0;0;0;0;0;0;0;0;0;1;1;0;1;0;1;0;0;0;0;0;34;29;1;0;0;0;1;0;0;0;0;1;42;1;1;1;1;0;1;2;0;1
A31;8;9;6;2;5;5;5;7;9;5;2;1;1;0;0;0;0;0;0;0;0;0;0;0;0;1;2;1;0;0;0;0;0;0;0;0;0;0;0;0;0;0;0;0;40;3070;57;36;10;0;0;0;0;0;0;0;0;0;0;0;0;0;1;1;0;0;0;0;0;0;31;41;0;0;0;0;0;0;0;1;0;1;36;0;1;1;1;0;1;3;1;1
A313;9;9;6;9;4;4;5;1;2;5;1;1;3;0;0;0;0;0;0;0;0;0;0;0;0;2;2;1;0;1;0;1;0;0;0;0;0;0;0;0;0;0;0;0;40;3620;59;34;10;0;0;0;0;0;0;1;0;0;1;0;1;0;1;0;0;0;0;0;0;0;26;28;0;0;0;0;0;0;0;1;0;1;24;1;0;1;1;0;1;2;0;1
A314;4;8;4;9;5;4;5;1;2;6;2;1;1;0;1;0;0;0;0;0;0;1;0;0;0;1;2;1;0;0;0;0;0;0;0;0;0;0;0;0;0;0;0;0;40;3450;53;35;10;1;0;0;0;1;0;0;1;1;1;0;1;0;0;0;0;0;0;0;0;0;25;26;0;0;0;0;0;0;1;0;0;1;40;1;1;1;1;1;1;5;0;1
A316;9;8;4;2;4;4;3;7;2;4;2;1;1;1;1;0;0;0;1;0;0;0;0;0;0;1;1;0;0;0;0;0;1;1;1;0;0;0;0;0;0;0;0;0;38;3600;58;36;10;1;1;1;0;0;0;0;0;0;0;0;0;1;0;0;1;0;0;0;0;0;20;29;0;0;0;0;0;1;1;1;0;1;24;0;0;1;1;0;1;2;1;0
A317;9;9;6;2;6;4;5;9;2;5;2;1;2;0;0;0;0;0;0;0;0;0;0;0;0;2;1;0;0;1;1;0;1;0;0;1;0;0;0;0;0;0;0;0;40;3550;55;35;10;0;0;0;0;0;0;0;0;0;0;0;1;0;1;0;1;0;0;0;0;0;30;30;0;0;0;0;0;0;0;0;0;1;24;0;0;1;1;0;1;3;1;1
A318;8;9;4;9;6;6;3;1;9;5;2;1;1;1;0;0;0;1;0;0;0;0;0;0;0;1;2;1;0;0;0;0;1;0;0;1;0;0;0;1;0;1;0;1;40;3700;54;35;8;0;0;0;0;0;0;0;1;0;1;0;1;1;1;1;1;1;0;1;0;0;18;21;0;0;0;0;0;0;0;0;0;0;42;0;0;0;1;0;1;3;0;0
A319;9;9;6;9;6;6;1;1;2;6;2;1;2;1;0;0;0;0;0;0;0;0;0;0;0;1;2;1;0;1;1;0;1;0;0;1;0;0;0;0;0;0;0;1;40;4050;60;37;10;0;0;0;0;0;0;0;0;0;0;1;1;1;0;1;0;0;0;0;0;0;33;31;0;0;0;0;0;0;0;0;0;1;60;0;0;1;1;1;1;3;1;1
A322;8;4;6;2;6;6;1;7;2;6;2;1;1;1;0;0;0;1;0;0;0;0;0;0;0;1;2;1;0;1;1;0;0;0;0;0;0;0;0;0;0;0;0;0;26;1000;37;25;3;1;0;0;1;1;1;0;1;0;1;0;1;1;0;1;1;0;0;0;0;0;20;25;1;0;0;0;1;0;0;1;0;1;54;0;0;1;1;0;1;3;0;1
A327;4;9;6;9;6;4;1;9;1;4;2;1;1;0;0;0;0;0;0;0;0;0;0;0;0;1;1;1;0;0;0;0;0;0;0;0;0;0;0;0;0;0;0;0;40;3215;51;34;6;1;1;0;1;1;1;0;0;0;1;1;0;0;1;0;1;0;0;0;0;0;23;23;1;0;0;0;1;0;0;0;0;1;36;1;0;1;1;0;1;3;0;1
A330;8;8;6;1;6;4;1;7;9;4;2;1;2;0;1;0;0;0;1;0;0;0;0;0;0;2;1;0;0;0;0;0;1;1;0;0;0;0;0;0;0;1;0;0;38;4000;58;36;9;1;1;0;0;0;1;0;0;0;1;0;1;0;1;0;1;0;0;0;0;0;38;46;0;0;0;0;0;0;0;0;0;1;36;1;0;1;1;0;1;3;0;0
A334;9;4;4;9;5;4;1;7;1;4;2;1;1;1;1;0;0;1;0;0;0;1;0;0;0;1;1;0;0;0;0;0;0;0;0;0;1;0;1;0;0;0;1;0;34;2500;50;31;10;0;0;0;0;0;0;0;0;0;0;1;1;0;0;0;0;0;0;0;0;0;24;22;0;0;0;0;0;1;0;1;0;1;30;1;1;1;1;0;1;2;1;0
A341;4;9;6;1;6;4;5;7;2;6;2;1;2;0;0;0;0;0;0;0;0;0;0;0;0;2;2;1;0;1;1;0;1;0;0;1;0;0;0;0;0;0;0;0;32;1600;43;30;6;1;0;1;0;0;0;0;0;1;0;1;1;0;1;1;1;0;0;0;0;0;29;31;0;0;0;0;0;0;0;0;0;1;36;0;1;1;1;0;1;5;0;1
A342;4;9;5;2;6;4;3;9;9;6;2;1;1;0;0;0;0;0;0;0;0;0;0;0;0;1;2;0;0;0;0;0;0;0;0;0;0;0;0;0;0;0;0;0;42;3100;53;34;10;1;1;0;0;1;1;1;0;0;0;1;1;0;0;0;0;1;0;1;0;0;26;25;0;0;0;0;0;1;0;0;0;1;66;0;0;1;1;1;1;3;1;0
A345;4;8;6;2;6;5;5;9;2;6;2;1;1;1;1;0;0;0;0;0;0;1;1;0;0;1;2;1;0;0;0;0;1;0;0;1;0;0;0;0;0;0;0;0;39;3500;52;33;10;0;0;0;0;0;0;0;1;0;1;1;1;0;0;0;1;0;0;0;0;0;38;43;1;0;0;1;1;0;1;0;0;1;36;1;0;1;1;0;1;2;1;0
A351;9;8;6;2;6;4;3;9;2;4;2;1;1;0;0;0;0;0;0;0;0;0;0;0;0;1;1;0;0;0;0;0;0;0;0;0;0;0;0;0;0;0;0;1;40;3500;55;35;10;0;0;0;0;0;0;0;0;1;1;0;1;0;0;0;0;0;0;0;1;1;25;23;0;0;0;0;0;0;0;0;0;1;36;1;0;1;0;0;1;6;1;1
A352;8;4;6;1;6;5;3;7;9;5;2;1;2;0;0;0;0;0;0;0;0;0;0;0;0;1;2;0;0;0;0;0;0;0;0;0;0;0;0;0;0;0;0;0;40;3500;52;34;10;1;1;0;0;0;1;0;0;0;0;0;1;0;0;1;1;0;0;0;0;0;23;23;0;0;0;0;0;0;0;0;0;1;72;0;1;1;1;0;1;3;0;0
A353;8;9;4;2;5;4;5;9;2;5;2;1;1;1;1;0;1;0;0;0;0;0;0;0;0;1;1;0;0;0;0;0;0;0;0;0;0;0;0;0;0;0;0;0;40;3860;54;35;10;0;0;0;0;0;0;0;0;0;0;0;1;1;0;0;1;0;0;0;0;0;26;34;0;0;0;0;0;1;1;0;0;1;36;1;0;1;1;0;1;7;1;1
A358;4;9;5;2;5;6;1;1;2;4;2;1;3;1;0;1;0;0;0;0;0;0;0;0;0;3;2;0;0;0;0;0;0;0;0;0;0;0;0;1;0;1;0;0;33;1840;44;28;8;1;1;0;0;0;1;0;1;1;0;0;0;1;1;0;1;0;0;0;0;0;40;40;1;1;0;0;0;1;1;0;0;1;33;1;0;1;1;0;1;2;1;0
A36;4;9;6;1;5;6;3;1;9;5;2;1;1;0;0;0;0;0;0;0;0;0;0;0;0;1;1;0;0;0;0;0;1;0;1;0;1;0;1;0;0;0;0;0;40;4230;56;35;10;0;0;0;0;0;0;0;0;0;0;0;0;1;0;0;1;0;0;0;0;0;17;20;0;0;0;0;0;0;0;0;0;1;25;1;1;1;0;0;1;2;0;0
A360;8;4;4;9;5;6;3;1;9;5;1;1;1;0;0;0;0;0;0;0;0;0;0;0;0;1;1;0;0;0;0;0;0;0;0;0;0;0;0;0;0;0;0;1;40;3700;55;34;10;0;0;0;0;0;0;0;0;0;0;0;1;0;1;0;1;0;0;0;0;0;16;19;1;0;0;0;1;0;0;0;1;0;36;0;0;0;1;1;1;7;1;1
A371;4;8;6;2;6;4;1;1;9;6;2;1;1;1;0;0;0;1;0;0;0;0;0;0;0;1;2;0;0;1;1;0;0;0;0;0;0;0;0;0;0;0;0;0;39;3649;51;32;6;1;0;1;0;0;0;0;0;0;0;0;1;1;0;0;0;0;0;0;0;0;28;29;1;0;0;0;1;0;1;0;0;1;24;1;1;1;1;0;1;1;0;1
A372;8;9;6;9;5;6;3;9;2;5;2;1;2;0;0;0;0;0;0;0;0;0;0;0;0;1;2;1;0;1;1;0;0;0;0;0;0;0;0;0;0;0;0;1;40;4070;61;39;10;1;1;1;0;0;0;0;0;0;0;0;1;1;1;0;1;0;0;0;0;0;31;36;1;0;0;0;1;0;0;1;0;1;36;1;0;1;1;0;1;2;1;1
A378;8;4;6;9;6;4;1;7;2;5;2;1;3;1;0;0;0;0;0;0;0;0;0;0;0;3;1;0;0;1;1;0;1;0;0;1;0;0;0;0;0;0;1;1;40;3750;57;34;9;1;0;0;1;0;1;0;0;0;1;1;1;0;0;0;1;0;0;0;0;0;40;33;1;0;0;0;1;1;0;1;0;1;42;0;1;1;1;0;1;3;1;0
A385;4;8;6;9;6;4;5;7;2;6;1;1;1;0;0;0;0;0;0;0;0;0;0;0;0;1;1;0;0;0;0;0;0;0;0;0;0;0;0;0;0;0;1;1;40;3700;55;33;10;0;0;0;0;0;0;0;0;0;0;0;0;0;0;0;0;0;0;0;0;0;28;32;1;0;0;0;1;1;0;1;0;1;36;1;1;0;1;0;1;5;1;1
A39;9;8;6;9;5;6;3;7;9;6;2;1;1;0;0;0;0;0;0;0;0;0;0;0;0;1;1;0;0;0;0;0;0;0;0;0;0;0;0;0;0;0;0;1;40;2950;54;34;10;0;0;0;0;0;0;0;0;0;0;0;1;0;0;0;1;0;0;0;0;0;28;34;1;0;0;0;1;0;0;0;0;1;32;1;1;0;1;0;1;6;0;1
A395;8;8;5;9;6;4;1;9;2;6;2;1;3;1;0;0;0;0;0;0;0;0;0;0;0;2;1;0;0;1;1;0;0;0;0;0;0;0;0;0;0;0;0;0;40;3900;58;36;10;0;0;0;0;0;0;0;0;0;1;1;1;1;1;0;1;0;0;0;0;0;26;23;1;0;0;1;1;0;1;1;1;1;60;0;0;1;1;0;1;3;1;0
A397;8;8;6;2;5;6;1;9;9;6;2;1;1;0;0;0;0;0;0;0;0;0;0;0;0;1;1;0;0;0;0;0;0;0;0;0;0;0;0;0;0;0;0;0;42;3500;56;34;10;1;0;0;0;1;0;0;0;0;1;0;1;1;0;0;0;0;0;0;0;0;28;28;1;1;0;0;1;1;1;1;0;1;36;1;1;1;1;0;1;3;1;1
A399;4;4;6;2;6;4;1;1;1;6;2;1;4;0;0;0;0;0;0;0;0;0;0;0;0;3;1;0;0;1;1;0;0;0;0;0;0;0;0;0;0;0;0;1;39;3500;56;34;10;0;0;0;0;0;0;0;0;0;1;0;1;0;0;0;0;0;0;0;0;0;34;36;0;0;0;0;0;0;0;1;0;1;48;0;1;1;1;0;1;6;1;1
A4;8;4;6;2;4;4;3;7;9;4;2;1;1;1;1;0;0;0;0;1;0;0;0;0;0;1;2;1;0;0;0;0;1;0;0;1;0;0;0;0;0;0;0;1;40;3500;58;36;9;0;0;0;0;0;0;1;0;0;0;0;1;0;0;1;0;0;0;0;0;0;19;28;0;0;0;0;0;0;0;1;0;1;30;1;1;1;0;1;1;2;1;1
A402;4;9;6;2;6;4;3;7;1;4;2;1;2;0;0;0;0;0;0;0;0;0;0;0;0;2;2;1;0;0;0;0;0;0;0;0;0;0;0;0;0;0;0;0;40;3750;55;36;10;0;0;0;0;0;0;0;0;0;0;1;0;0;1;0;1;0;0;0;0;0;27;28;0;0;0;0;0;0;0;0;0;1;30;1;0;1;1;0;1;3;0;1
A408;8;9;5;1;5;5;5;9;9;6;2;1;1;1;0;1;0;0;0;0;0;0;0;0;0;1;2;1;0;0;0;0;0;0;0;0;0;0;0;0;0;0;0;0;35;2450;48;34;9;0;0;0;0;0;0;0;0;0;0;0;1;1;1;0;1;1;0;1;0;0;24;25;0;0;0;0;0;1;0;1;0;1;36;0;0;1;0;0;1;5;1;0
A412;8;9;6;2;6;6;3;7;9;6;2;1;1;0;0;0;0;0;0;0;0;0;0;0;0;1;2;1;0;1;1;0;0;0;0;0;0;0;0;0;0;0;0;0;43;3250;56;35;9;1;0;0;0;1;1;0;0;0;1;1;0;1;1;0;1;0;0;0;0;0;26;26;0;0;0;0;0;0;0;0;0;1;40;0;1;1;0;0;1;5;0;1
A414;9;8;5;9;6;5;3;7;2;6;2;1;6;0;1;0;0;0;0;0;0;1;0;0;0;2;2;1;0;1;0;1;0;0;0;0;0;0;0;0;0;0;1;1;38;3400;57;36;10;1;0;1;0;0;0;1;1;1;1;1;1;1;0;0;0;0;0;0;0;0;34;34;0;0;0;0;0;0;0;1;0;1;36;0;1;1;1;0;1;3;1;1
A417;8;9;5;2;6;4;3;7;2;5;2;1;3;1;0;0;0;0;0;1;0;0;0;0;0;2;2;1;0;1;1;0;1;0;0;1;1;0;1;0;0;0;1;1;39;3870;58;37;10;0;0;0;0;0;0;0;0;0;0;0;1;0;1;0;1;0;0;0;1;0;38;50;1;1;0;0;0;0;0;1;0;1;30;0;1;1;1;0;1;2;1;0
A418;8;9;6;2;5;4;3;7;2;4;2;1;2;1;1;0;0;0;0;0;0;0;0;0;1;2;2;1;0;0;0;0;1;0;0;1;0;0;0;0;0;0;0;0;39;3600;55;36;10;0;0;0;0;0;0;0;0;0;1;1;0;0;0;0;0;0;0;0;0;0;32;39;1;0;1;0;0;0;0;1;0;1;12;0;0;1;1;0;1;2;0;0
A42;9;8;6;9;6;6;3;1;2;4;2;1;2;0;0;0;0;0;0;0;0;0;0;0;0;2;1;0;0;0;0;0;0;0;0;0;0;0;0;0;0;0;0;1;38;2660;52;32;10;0;0;0;0;0;0;0;0;0;0;0;1;0;0;1;1;0;0;0;0;0;29;35;1;0;0;0;1;0;0;0;0;1;60;1;1;1;1;0;1;3;0;0
A424;4;8;5;1;6;4;5;9;2;4;1;1;3;1;1;0;1;0;1;0;0;1;0;0;0;2;2;1;1;1;1;0;1;1;0;1;0;0;0;0;0;0;0;1;27;490;30;22;8;1;0;0;0;0;1;0;1;0;1;0;1;1;1;0;0;0;0;0;0;0;37;37;1;0;1;0;0;1;0;0;0;1;48;1;0;1;1;0;1;1;1;1
A427;4;9;5;9;6;4;5;7;9;4;2;1;2;0;0;0;0;0;0;0;0;0;0;0;0;2;1;0;0;0;0;0;0;0;0;0;0;0;0;0;0;0;0;0;39;3550;56;33;10;0;0;0;0;0;0;1;1;0;1;0;0;0;0;0;0;0;0;0;0;0;33;37;1;1;0;0;0;1;0;0;0;1;24;1;1;1;0;0;1;1;0;0
A432;4;9;4;9;6;6;3;1;9;4;2;1;3;0;0;0;0;0;0;0;0;0;0;0;0;3;2;0;0;0;0;0;0;0;0;0;0;0;0;1;0;1;0;0;40;3200;54;35;10;0;0;0;0;0;0;0;0;0;1;1;1;0;0;0;0;1;0;0;0;0;36;45;1;0;0;0;1;1;0;0;0;1;36;0;0;1;1;0;1;3;1;1
A440;8;4;6;9;6;5;3;7;2;6;2;1;3;1;1;0;0;1;1;0;0;0;0;0;0;1;2;1;0;1;0;1;1;1;0;1;0;0;0;1;0;1;0;0;39;3450;57;36;10;1;1;1;0;1;0;0;1;0;0;1;1;1;1;0;1;0;0;0;0;0;35;38;1;0;0;1;1;0;1;1;0;1;30;0;0;1;1;0;1;6;0;0
A443;4;9;6;9;5;6;3;1;9;4;2;1;1;1;1;0;1;1;1;0;0;0;0;0;0;1;2;1;0;0;0;0;1;1;1;1;0;0;0;0;0;0;0;0;35;4020;56;35;8;1;1;1;0;0;1;1;0;0;0;1;1;0;0;0;1;0;0;0;0;0;26;30;0;0;0;0;0;0;0;0;0;1;24;0;0;1;1;1;1;1;1;0
A47;4;9;6;9;5;4;5;9;9;5;2;1;1;1;1;0;0;0;0;1;0;0;0;0;0;1;2;1;0;0;0;0;1;0;0;1;0;0;0;0;0;0;0;1;40;3350;54;34;10;0;0;0;0;0;0;0;0;0;1;0;1;1;1;0;0;1;0;1;0;0;28;28;0;0;0;0;0;0;0;1;1;1;48;1;1;1;1;0;1;3;0;0
A49;8;8;4;9;5;6;3;1;9;6;2;1;3;0;0;0;0;0;0;0;0;0;0;0;0;3;1;0;0;0;0;0;0;0;0;0;0;0;0;0;0;0;0;1;38;3640;57;34;10;0;0;0;0;0;0;0;0;1;0;0;1;0;0;0;1;0;0;0;1;0;33;39;1;0;0;0;1;0;0;0;0;1;36;1;1;1;1;0;1;4;0;1
A50;8;4;6;2;4;6;3;1;9;5;2;1;1;1;1;0;0;0;0;0;0;1;0;0;0;1;1;1;0;0;0;0;1;0;0;1;1;0;1;1;0;1;0;0;41;3180;54;34;10;1;0;0;0;1;1;0;1;0;0;1;1;0;1;0;1;0;0;0;0;0;22;22;1;0;0;1;0;1;1;0;0;1;36;1;0;1;1;0;1;2;1;0
A52;8;8;4;2;6;4;3;1;9;6;2;1;1;1;0;0;0;1;0;0;0;0;0;0;0;1;2;0;0;0;0;0;1;0;0;1;0;0;0;0;0;0;0;0;38;2170;45;32;10;0;0;0;0;0;0;0;0;1;0;0;1;0;0;1;1;0;0;0;0;0;30;28;0;0;0;0;0;0;0;0;0;1;48;0;0;0;1;0;1;3;0;0
A53;4;9;6;2;6;6;3;1;2;5;2;1;1;0;0;0;0;0;0;0;0;0;0;0;0;1;1;0;0;0;0;0;0;0;0;0;0;0;0;0;0;0;0;1;38;3230;31;33;10;0;0;0;0;0;0;0;0;1;0;0;1;1;1;0;1;0;0;0;0;0;26;28;0;0;0;0;0;0;0;0;0;1;24;0;0;1;0;0;1;7;0;0
A56;8;4;5;2;6;6;5;1;2;4;2;1;1;1;1;0;0;0;0;0;0;1;0;0;0;1;2;1;0;1;1;0;1;0;0;1;0;0;0;1;0;1;0;0;38;2770;55;33;10;1;0;1;0;1;0;0;0;0;1;1;1;1;1;0;1;0;0;0;0;0;28;27;1;0;0;0;1;0;1;0;0;1;42;1;1;1;1;0;1;3;0;0
A62;4;8;4;2;6;6;3;9;2;5;2;1;1;1;0;0;0;0;0;0;0;0;0;0;0;1;1;1;0;0;0;0;1;1;0;0;1;1;0;0;0;0;0;0;40;2950;52;32;10;1;1;0;0;1;1;1;1;0;1;1;1;1;1;0;1;0;0;0;0;0;25;25;1;0;0;1;1;1;0;1;1;1;18;0;0;1;1;0;1;2;1;0
A66;9;9;6;2;4;6;3;9;9;6;1;1;2;0;0;0;0;0;0;0;0;0;0;0;0;1;1;0;0;1;1;0;0;0;0;0;0;0;0;0;0;0;0;0;42;3600;54;35;10;1;0;0;0;1;0;0;0;0;0;1;1;1;1;0;1;0;0;0;0;0;27;29;1;0;0;0;1;0;1;1;0;1;24;1;0;1;1;0;1;4;1;1
A68;8;8;5;2;4;6;3;7;2;6;1;1;4;1;1;0;0;0;1;0;0;0;0;0;0;3;2;1;1;1;1;0;1;1;0;0;0;0;0;0;0;0;0;0;32;1500;47;29;9;1;1;1;0;1;1;0;1;0;1;1;1;1;1;0;1;0;0;0;0;0;39;41;0;0;0;0;0;0;1;1;0;1;24;0;1;1;1;0;1;2;1;1
A70;8;9;6;1;6;6;3;9;1;5;2;1;2;0;0;0;0;0;0;0;0;0;0;0;0;2;1;0;0;0;0;0;0;0;0;0;0;0;0;0;0;0;0;0;40;2880;56;33;10;1;0;0;0;1;0;0;0;0;1;0;1;1;0;0;1;0;0;0;0;0;33;33;1;0;0;0;1;0;0;1;0;1;30;0;1;1;1;0;1;6;1;1
A71;4;9;4;9;5;4;5;7;1;5;1;1;1;1;1;0;0;0;0;0;0;0;0;1;0;1;1;0;0;0;0;0;1;0;1;1;0;0;0;0;0;0;0;0;38;3120;55;33;10;0;0;0;0;0;0;0;0;0;0;0;1;1;1;0;0;0;0;0;0;0;31;31;0;0;0;0;0;0;0;1;0;1;48;0;0;1;1;0;1;1;1;0
A74;4;8;4;9;6;4;5;9;9;5;2;1;1;1;1;1;0;1;0;0;0;0;0;1;0;1;2;1;0;0;0;0;0;0;1;1;0;0;0;0;0;0;0;1;38;2500;52;32;10;1;1;0;0;0;0;0;0;0;1;0;1;1;1;0;1;0;0;0;0;0;33;27;1;0;0;0;1;0;0;1;0;1;24;1;0;1;1;0;1;2;1;0
A75;4;8;6;1;6;4;1;1;2;5;2;1;3;0;0;0;0;0;0;0;0;0;0;0;0;3;2;1;0;0;0;0;0;0;0;0;0;0;0;0;0;0;0;0;40;4300;60;36;10;0;0;0;0;0;0;0;0;0;1;1;1;1;0;0;1;0;0;0;0;0;33;34;1;0;0;0;1;0;0;0;0;1;36;0;0;1;1;0;1;1;1;0
A76;8;8;6;2;4;6;5;1;2;6;1;1;2;1;1;0;0;0;0;0;1;0;0;0;0;1;2;1;1;1;1;0;0;0;0;0;0;0;0;0;0;0;0;0;37;1980;46;33;8;1;0;0;0;1;1;0;1;0;1;1;1;0;1;1;1;1;1;0;0;0;32;34;0;0;0;0;0;0;1;1;0;1;24;0;1;1;1;0;1;6;1;0
A77;4;4;5;9;6;4;1;7;1;4;2;1;1;1;1;0;0;0;0;0;0;0;0;0;1;1;1;0;0;0;0;0;1;0;0;1;0;0;0;0;0;0;0;1;38;2950;53;31;10;1;0;0;0;1;0;0;0;0;1;1;1;0;1;0;0;0;0;0;0;0;28;30;0;0;0;0;0;0;0;1;0;1;48;0;0;1;1;0;1;2;1;0
A79;9;8;5;2;6;6;5;1;9;6;2;1;5;0;1;0;0;0;0;0;1;0;0;0;0;5;1;0;0;1;1;0;0;0;0;0;1;0;1;1;0;1;0;0;39;5000;62;37;10;1;0;1;0;0;0;0;1;1;1;1;1;0;0;0;1;0;0;0;0;0;33;38;0;0;0;0;0;0;0;1;0;1;36;0;1;1;0;1;1;2;1;0
A80;4;8;4;9;5;5;3;9;9;5;2;1;1;0;0;0;0;0;0;0;0;0;0;0;0;1;1;0;0;0;0;0;0;0;0;0;0;0;0;0;0;0;0;1;40;2650;49;32;10;1;1;1;0;0;0;1;0;0;1;0;1;1;1;1;1;1;1;0;0;0;19;35;1;0;0;1;1;0;0;0;0;1;72;0;1;1;1;0;1;3;0;1
A81;8;4;6;2;6;6;3;9;1;6;2;1;4;1;0;0;0;0;1;0;0;0;0;0;0;2;2;1;0;1;0;1;1;1;0;1;0;0;0;1;0;1;0;0;36;2770;51;35;10;1;0;0;0;1;0;0;0;0;1;1;1;1;0;0;0;0;0;0;0;0;38;41;1;0;0;1;1;0;1;1;0;1;48;0;1;1;1;0;1;6;1;0
A84;9;8;4;9;5;4;1;7;9;5;2;1;1;0;0;0;0;0;0;0;0;0;0;0;0;1;1;0;0;0;0;0;0;0;0;0;0;0;0;0;0;0;0;0;40;3500;59;34;10;0;0;0;0;0;0;0;0;0;0;0;1;1;0;0;1;0;0;0;0;0;29;33;0;0;0;0;0;0;0;0;0;1;42;0;1;1;1;0;1;6;1;0
A85;4;8;4;9;4;4;3;9;1;4;2;1;1;1;1;0;0;0;1;0;0;0;0;0;0;1;2;0;0;0;0;0;1;1;0;0;0;0;0;0;0;0;0;1;32;650;33;24;6;1;0;0;0;0;1;1;1;1;1;1;0;1;0;0;1;0;0;0;0;0;27;29;0;0;0;0;0;0;1;1;0;0;44;1;0;1;1;0;1;1;0;1
A9;4;9;6;1;5;6;3;9;2;6;2;1;1;1;1;0;0;0;0;1;0;0;0;0;1;1;1;0;0;0;0;0;1;0;0;1;0;0;0;0;0;0;0;0;40;4200;60;34;10;0;0;0;0;0;0;0;0;0;0;1;1;1;0;0;0;0;0;0;0;0;30;37;1;0;0;0;1;0;0;0;0;1;24;0;0;1;1;0;1;2;1;1
A92;8;8;4;2;4;6;3;7;2;5;2;1;2;1;1;0;0;0;0;0;0;0;0;0;1;2;1;0;0;0;0;0;1;0;0;1;0;0;0;0;0;0;0;0;38;3900;58;35.5;10;1;1;0;0;0;1;0;0;1;1;0;1;0;1;0;1;0;0;0;0;0;35;36;0;0;0;0;0;0;0;0;0;1;36;0;1;1;1;0;1;5;0;1
A93;4;9;5;1;4;6;1;1;1;5;1;1;1;1;1;0;0;0;0;0;0;1;0;0;0;1;1;0;0;0;0;0;1;0;0;1;0;0;0;0;0;1;0;1;40;3500;55;36;10;1;1;0;0;0;0;0;0;0;1;1;1;0;1;0;0;0;0;0;0;0;23;25;0;0;0;0;0;0;0;1;0;1;30;1;1;1;0;0;1;2;0;0
A94;4;4;4;1;4;6;1;7;9;6;2;1;1;1;1;0;0;0;0;1;0;0;0;0;0;1;1;0;0;1;1;0;1;0;0;1;0;0;0;0;0;0;0;0;40;3730;56;33;9;1;0;0;1;1;1;1;0;1;1;1;1;0;0;0;0;0;0;0;1;1;31;31;1;0;0;0;1;0;1;0;0;1;24;1;1;1;1;0;1;3;1;0
A95;8;4;5;2;4;4;5;1;2;4;2;1;2;0;0;0;0;0;0;0;0;0;0;0;0;2;2;1;0;0;0;0;0;0;0;0;1;1;0;1;0;1;0;0;39;3160;55;34;10;0;0;0;0;0;0;0;0;0;1;0;0;1;0;0;1;0;0;0;0;0;23;37;0;0;0;0;0;0;1;0;0;1;48;0;0;1;0;0;1;2;1;0
