id;sex;rs10099100;rs1353545;rs6803008;rs2828478;rs9879311;rs61847307;rs7122181;rs880446;rs7521492;rs4904167
NT1;1;8;8;6;2;4;6;1;9;2;4
NT2;1;8;8;6;2;5;4;3;7;2;6
NT3;1;8;9;6;9;6;4;1;7;2;5
NT4;2;9;9;5;2;6;4;3;1;2;5
NT5;1;8;4;4;1;5;4;3;7;9;5
NT6;1;4;4;5;1;5;4;3;7;2;5
NT7;2;9;4;6;2;6;4;3;9;2;4
NT8;1;8;4;6;9;6;5;3;7;1;6
NT9;1;9;8;5;9;6;4;3;1;2;4
NT10;1;8;8;6;2;4;6;1;9;2;4
NT11;2;8;9;5;1;5;6;3;9;2;6
NT12;1;9;9;6;9;5;6;3;9;2;6
NT13;1;8;8;6;2;6;4;3;7;2;5
NT14;2;9;4;6;2;6;6;3;7;1;4
NT15;2;9;4;4;2;6;4;3;7;2;5
NT17;2;9;9;6;9;6;6;1;9;2;5
NT18;2;9;4;4;9;4;4;1;7;1;5
NT19;2;9;8;4;9;6;6;3;7;9;6
NT20;1;8;8;4;2;6;6;5;1;2;6
NT21;2;9;9;5;2;5;4;3;9;9;6
NT22;1;8;4;4;9;6;6;3;7;9;5
NT23;1;9;8;6;2;4;6;3;7;2;6
NT24;2;8;8;6;9;6;5;3;7;2;4
NT25;2;9;9;6;9;5;5;3;7;9;6
NT26;1;9;8;4;9;4;4;3;9;2;4
NT27;2;8;9;6;2;6;4;3;9;9;6
NT28;2;9;8;4;9;4;4;1;9;2;4
NT29;2;9;8;6;9;6;4;3;7;2;4
NT30;1;8;8;4;2;4;6;3;9;9;6
NT31;2;9;4;4;2;4;6;1;7;9;6
NT32;1;9;8;6;2;4;5;5;7;9;4
NT33;2;9;8;4;1;4;4;3;7;2;4
NT34;1;8;4;6;9;5;4;3;1;2;6
NT35;1;9;9;5;9;6;4;1;7;2;4
NT36;2;8;8;6;2;6;6;5;7;9;5
NT37;2;8;4;5;9;5;4;1;9;2;5
NT38;2;4;9;6;9;4;6;5;7;9;4
NT39;1;9;9;5;9;6;6;5;7;2;4
NT40;1;4;8;6;9;6;4;3;9;2;5
NT41;2;4;8;5;9;5;4;3;7;2;5
NT42;2;4;4;4;2;5;6;5;9;9;6
NT43;1;8;9;6;2;6;4;5;9;9;6
NT44;1;8;8;5;2;6;4;3;7;2;6
NT45;2;9;9;4;2;6;4;5;7;2;4
NT46;1;8;8;5;9;5;4;5;1;2;6
NT47;2;9;8;5;2;6;6;1;1;9;4
NT48;2;8;9;6;1;6;5;1;1;9;6
NT49;2;8;4;5;9;5;4;1;9;2;5
NT50;1;9;8;4;2;5;4;1;1;2;5
NT51;2;8;8;5;1;4;5;1;9;9;6
NT52;1;8;9;6;9;4;4;3;7;1;4
NT53;1;8;9;5;9;5;4;5;9;1;4
NT54;1;4;8;4;2;4;4;1;7;2;6
NT55;1;9;9;6;2;5;6;5;9;9;5
NT56;1;8;9;6;2;6;4;5;1;1;6
NT57;1;9;9;6;9;6;4;1;1;2;6
NT58;2;8;4;4;9;4;4;3;7;9;4
NT59;2;4;9;6;9;6;4;3;9;2;4
NT60;1;9;8;6;2;5;5;3;1;9;6
NT61;1;9;9;6;2;4;4;3;7;2;5
NT62;1;8;8;4;2;5;6;3;7;9;4
NT63;1;8;8;4;2;5;4;1;9;9;4
NT64;1;9;8;4;2;6;6;3;9;2;5
NT65;2;8;8;6;2;6;6;3;9;2;5
NT66;2;9;9;6;2;6;6;1;9;2;6
NT67;1;9;8;4;2;5;4;3;9;2;5
NT68;1;8;9;6;9;5;6;3;9;9;6
NT69;1;8;8;4;2;5;4;5;7;2;4
NT70;1;9;8;5;9;6;6;3;7;2;6
NT71;2;9;9;5;2;6;6;5;7;9;4
NT72;1;8;9;4;1;6;6;5;1;9;4
NT73;2;8;4;4;9;6;6;1;7;2;6
NT74;1;9;9;6;2;5;4;1;9;2;6
NT75;1;4;9;6;2;4;4;5;7;2;6
NT76;1;8;9;6;2;5;4;3;7;2;6
NT77;1;9;8;4;2;4;4;1;9;2;6
NT78;1;9;4;4;9;6;4;5;9;2;6
NT79;1;4;8;4;2;4;6;3;7;2;6
NT80;1;9;8;4;9;4;4;1;7;2;4
NT81;1;4;9;5;2;5;6;3;7;2;6
NT82;1;4;9;4;9;6;6;1;1;9;4
NT83;1;8;8;4;9;6;4;3;1;9;5
NT84;1;9;8;6;2;4;4;1;7;9;6
NT85;1;4;9;4;2;6;4;5;1;1;5
NT86;1;4;8;5;2;5;4;3;1;1;6
NT87;2;9;4;4;2;5;4;3;7;2;6
NT88;2;9;4;4;9;6;6;3;9;9;5
NT89;2;9;8;5;1;5;6;3;7;1;6
NT90;1;8;8;6;9;6;6;5;7;1;5
NT91;1;8;9;5;2;6;4;5;1;2;6
NT92;1;9;8;6;1;5;5;3;7;2;6
NT93;2;4;9;6;9;6;4;3;7;1;4
NT94;1;9;4;6;2;5;6;3;7;2;5
NT95;1;8;4;4;2;5;4;1;7;2;5
NT96;1;4;9;5;2;5;6;3;7;2;6
NT97;1;9;8;5;9;5;4;5;9;9;6
NT98;2;8;9;4;2;6;4;5;7;2;6
NT99;1;4;8;6;2;6;6;5;1;9;4
NT100;2;9;8;4;9;4;6;1;1;9;5
NT101;1;4;9;5;2;4;4;5;7;9;4
NT102;1;4;9;5;1;6;6;1;7;9;6
NT103;2;9;8;5;2;6;4;1;7;2;6
NT104;2;9;9;4;2;6;6;3;7;2;6
NT105;2;8;8;6;2;6;4;3;9;9;6
NT106;1;4;9;6;2;6;4;3;7;1;6
NT107;1;8;9;6;2;5;4;1;7;9;4
NT108;2;9;8;6;2;6;6;3;9;2;4
NT206;2;8;8;6;9;6;4;3;7;1;5
NT207;1;4;8;6;9;5;4;3;7;2;5
NT208;2;9;8;5;9;4;4;5;7;9;4
NT209;2;8;8;6;2;4;4;3;7;1;6
NT210;1;8;4;6;1;6;6;5;7;9;6
NT211;1;9;4;4;9;5;6;3;7;2;6
NT212;1;8;4;6;2;5;6;3;7;1;4
NT213;2;8;8;4;9;5;4;5;9;2;5
NT214;1;8;9;6;9;4;6;1;1;2;4
NT215;1;8;8;4;2;4;6;3;7;9;4
NT216;2;8;8;4;2;6;6;3;7;9;5
NT217;2;8;9;6;2;4;4;3;1;1;6
NT218;2;9;9;6;1;5;4;3;7;1;4
NT219;1;8;9;6;1;6;4;3;9;9;5
NT220;1;9;9;4;2;4;6;3;7;2;6
NT221;1;8;4;6;9;6;4;5;9;9;5
NT222;2;8;4;6;9;4;6;3;7;2;4
NT223;1;8;8;6;2;6;4;5;1;2;5
NT224;1;9;4;6;1;4;4;3;7;9;4
NT225;1;8;9;5;1;4;6;5;1;2;6
NT226;2;8;8;5;2;4;6;3;1;2;6
NT227;1;8;8;6;9;4;4;1;7;2;6
NT228;1;9;9;4;9;6;5;1;1;1;6
NT229;2;9;8;5;2;6;4;5;7;1;6
NT230;1;9;8;6;9;6;6;3;7;1;6
NT231;2;9;4;6;9;5;6;3;9;2;5
NT232;1;9;9;5;9;5;4;5;9;1;4
NT233;2;8;9;5;2;6;4;5;7;1;4
NT234;2;8;9;6;2;5;6;3;9;9;4
NT235;2;9;8;4;2;6;4;3;7;2;6
NT236;1;9;9;4;1;5;4;3;9;1;4
NT237;2;9;8;6;9;5;6;1;9;9;6
NT238;1;9;8;4;9;5;6;1;7;2;6
NT239;1;9;8;5;9;5;4;1;7;1;5
NT240;2;8;8;6;2;6;4;3;1;9;6
NT241;2;9;4;6;9;4;5;3;7;9;5
NT242;2;8;4;6;2;6;5;5;9;2;6
NT243;2;4;9;6;9;6;4;3;7;1;4
NT244;1;8;8;6;9;5;6;3;7;1;5
NT245;1;9;9;4;2;5;6;3;7;2;5
NT246;1;8;9;6;2;4;4;5;7;2;5
NT247;1;4;9;6;2;6;6;5;7;9;6
NT248;1;9;8;4;9;6;4;3;7;2;5
KA1;1;8;8;6;9;4;4;1;7;9;4
KA2;1;8;9;4;2;5;4;5;7;2;6
KA3;1;9;8;4;9;6;4;5;7;9;6
KA4;2;8;9;4;2;6;6;3;7;2;6
KA5;1;8;9;4;9;6;6;3;1;2;6
KA6;2;8;9;6;9;5;4;3;1;1;4
KA7;1;9;8;6;9;5;5;3;7;2;6
KA8;1;9;9;6;1;5;4;3;7;2;6
KA9;1;9;8;4;2;6;6;3;9;9;5
KA10;1;9;8;5;1;6;6;5;7;2;4
KA11;1;9;9;6;9;5;4;3;1;2;6
KA12;1;8;9;4;2;6;6;5;9;1;5
KA13;2;9;8;6;2;5;6;1;7;9;5
KA14;1;9;9;6;9;5;6;5;7;2;5
KA15;1;4;8;6;2;6;4;3;9;1;5
KA16;1;9;8;6;2;5;4;5;7;9;6
KA17;1;8;4;6;2;6;6;3;7;9;6
KA18;1;8;9;4;9;6;4;3;7;2;4
KA19;1;9;9;5;9;6;4;3;1;2;5
KA20;2;9;4;5;9;6;6;3;9;9;5
KA21;1;9;8;5;9;5;4;3;1;2;5
KA22;1;9;9;4;2;4;6;1;1;9;6
KA23;1;8;8;6;2;6;5;3;9;2;6
KA24;2;8;9;6;9;6;6;3;1;2;4
KA25;2;9;4;4;1;4;6;1;7;9;6
KA26;1;8;8;5;9;5;4;3;1;9;6
DB4;2;9;8;6;1;6;6;5;9;2;6
DB14;1;8;8;4;2;6;4;5;7;2;6
DB22;1;8;8;5;2;5;4;3;7;2;5
DB31;1;9;8;4;2;5;4;3;7;2;6
DB39;2;8;9;6;2;6;5;5;1;9;6
DB47;2;8;8;4;2;6;6;1;7;9;4
DB56;1;8;9;4;9;4;6;3;7;9;5
DB64;1;9;9;6;1;6;4;5;1;9;5
DB72;1;8;9;6;1;5;4;3;1;9;6
DB80;1;9;8;6;2;6;4;1;9;1;6
DB88;1;9;9;6;2;6;5;5;9;2;6
DB5;2;9;8;6;9;5;4;3;9;2;4
DB15;2;4;8;4;9;6;4;3;1;2;6
DB23;1;9;4;4;9;6;4;3;9;9;6
DB32;2;4;8;4;2;5;6;3;1;9;5
DB40;1;8;9;5;2;5;4;1;1;2;4
DB48;1;8;4;6;2;4;6;1;9;9;6
DB57;1;8;8;4;2;6;4;5;7;2;6
DB65;2;8;4;6;2;6;4;1;7;2;4
DB73;1;4;8;6;9;6;4;1;7;9;4
DB81;1;4;4;6;9;5;6;3;7;2;5
DB89;1;9;8;4;9;6;6;5;7;2;4
DB7;1;8;8;4;9;6;6;3;1;2;5
DB16;1;8;9;4;1;5;6;3;1;2;5
DB24;1;8;9;4;2;4;6;3;7;9;5
DB33;2;4;9;4;9;4;6;1;7;2;6
DB41;1;8;4;4;9;6;4;1;9;2;6
DB49;1;8;9;6;2;6;4;1;1;9;6
DB58;1;9;9;4;2;6;4;3;7;2;6
DB66;2;8;8;4;2;5;6;5;1;2;5
DB74;1;9;9;6;1;6;6;3;1;2;4
DB82;1;9;8;4;9;6;6;5;9;2;4
DB90;2;8;8;6;9;6;4;3;9;2;4
DB8;2;8;4;4;1;5;6;5;7;9;5
DB17;1;8;8;4;2;6;4;5;7;2;6
DB25;1;8;9;6;2;4;6;1;9;2;6
DB34;1;8;4;6;9;4;6;3;9;9;4
DB42;1;9;9;4;9;6;6;3;9;1;5
DB50;1;9;8;4;2;4;4;3;7;2;4
DB59;1;8;9;4;2;5;6;1;7;2;6
DB67;2;9;9;4;2;4;6;3;7;9;5
DB75;2;8;9;4;2;6;4;3;7;9;5
DB83;2;9;9;6;9;6;5;5;1;9;6
DB91;1;8;8;4;9;6;4;5;7;9;4
DB9;1;4;8;4;9;4;6;3;7;1;6
DB18;1;8;9;6;2;6;6;3;7;2;6
DB26;1;9;9;6;9;5;6;3;7;9;6
DB35;1;8;9;4;1;6;4;5;1;9;6
DB43;2;9;9;4;9;6;6;3;7;9;6
DB51;2;8;4;6;9;6;4;5;7;9;6
DB60;1;9;9;5;9;6;4;5;9;1;5
DB68;1;9;9;6;2;4;6;3;7;2;6
DB76;1;8;8;6;2;6;4;5;7;9;4
DB84;1;8;9;4;2;4;4;5;7;2;5
DB92;1;8;8;6;2;6;4;5;7;2;6
DB10;1;9;8;4;2;5;6;5;1;2;6
DB19;2;8;9;4;9;4;4;3;9;1;6
DB27;1;9;9;4;2;6;4;3;9;2;5
DB36;2;9;8;5;1;6;6;1;7;2;6
DB44;2;9;9;6;2;6;6;1;1;2;5
DB52;2;4;8;6;9;6;4;5;1;9;6
DB61;1;9;9;4;2;4;4;3;1;2;4
DB69;2;9;8;5;9;5;6;3;7;1;4
DB77;1;8;4;6;2;5;4;1;7;2;6
DB85;2;9;9;6;2;5;6;1;1;2;5
DB93;2;8;9;6;9;5;4;1;9;9;6
DB12;2;9;8;4;9;5;4;1;1;1;4
DB20;1;8;4;4;9;4;4;5;7;1;4
DB28;1;9;8;6;2;5;4;1;7;9;4
DB37;1;8;9;4;2;4;6;5;7;9;5
DB45;1;9;4;4;2;5;4;1;7;2;6
DB54;2;4;9;6;2;6;4;3;1;9;5
DB62;2;8;8;6;2;5;6;1;9;1;6
DB70;2;9;9;6;2;5;6;3;7;2;4
DB78;1;4;9;6;9;6;4;5;9;2;4
DB86;1;8;8;6;1;6;4;3;7;2;6
DB94;2;9;9;6;2;6;6;1;1;2;5
DB13;1;9;8;5;1;6;4;5;7;1;5
DB21;1;8;9;6;2;4;4;3;1;1;4
DB30;1;8;9;5;9;6;6;5;7;2;6
DB38;1;9;8;5;9;5;6;1;7;1;5
DB46;1;8;8;4;2;6;4;3;7;1;6
DB55;1;8;9;6;1;6;4;3;1;1;6
DB63;2;9;9;6;2;6;4;1;7;2;6
DB71;1;8;9;5;2;6;4;3;9;2;6
DB79;1;4;8;6;9;5;6;3;7;2;4
DB87;2;9;9;6;2;5;6;5;7;9;6
DB95;2;8;9;6;1;4;5;3;9;2;6
